{
    "presetName": "Arche",
    "behaviorType": "Seek",
    "vectors": [
        {
            "x": 0.0,
            "y": 0.0,
            "z": 1.0,
            "probability": 0.5
        },
        {
            "x": 0.5895509123802185,
            "y": 0.0,
            "z": -0.8077312111854553,
            "probability": 0.5
        },
        {
            "x": 0.9663988351821899,
            "y": 0.0,
            "z": -0.25704726576805117,
            "probability": 0.5
        }
    ]
}